comment,label
This class is amazing and the professor is great.,Excellent
The professor explains the material very well.,Excellent
I enjoyed the class and learned a lot.,Excellent
The lectures are extremely informative and engaging.,Excellent
I love how the professor makes difficult concepts easy to understand.,Excellent
This is one of the best classes I have ever taken.,Excellent
"The class was good, but it could use more practical examples.",Good
"The professor is knowledgeable, but the lectures are a bit boring.",Good
"The course content is good, but the assignments are too easy.",Good
The professor explains the concepts well.,Good
The class is a bit theoretical but has enough assignments to compensate.,Good
"The professor's teaching style is effective, but the class is too long.",Good
The professor provided excellent resources for the course.,Good
"The class is okay, not too good, not too bad.",Neutral
The class size was reasonable.,Neutral
The professor's use of multimedia was acceptable.,Neutral
The homework load was moderate.,Neutral
I think the class could use some improvements.,Neutral
The professor needs to engage more with students.,Neutral
"The course is satisfactory, but it lacks interactive sessions.",Neutral
"The class is decent, but there is room for improvement.",Neutral
The professor's feedback is not very helpful.,Neutral
The class is quite boring and uninteresting.,Bad
I didn't learn much from this class.,Bad
The professor doesn't seem to care about teaching.,Bad
The course material is outdated and needs revision.,Bad
The lectures are too fast-paced and hard to follow.,Bad
I feel the professor does not provide enough support.,Bad
The class is terrible and the professor is awful.,Very Bad
I regret taking this class.,Very Bad
The professor is very unprofessional and unhelpful.,Very Bad
The class is a waste of time and money.,Very Bad
The professor is disrespectful and dismissive of students' questions.,Very Bad
This class has been a horrible experience.,Very Bad
The professor was very engaging.,Excellent
This class was a waste of time.,Very Bad
The material was very helpful.,Good
The lectures were boring.,Bad
I learned a lot from this course.,Excellent
The class was too difficult to follow.,Very Bad
The teacher was very supportive.,Excellent
I did not enjoy the class at all.,Very Bad
The assignments were very practical.,Good
The lectures were very clear and concise.,Excellent
The professor was not helpful.,Very Bad
The course was very informative.,Good
I struggled to understand the material.,Bad
The professor was very approachable.,Excellent
The course content was outdated.,Very Bad
I found the discussions very insightful.,Good
The class was very disorganized.,Very Bad
The professor explained concepts well.,Excellent
The course was too fast-paced.,Bad
The professor was very knowledgeable.,Excellent
The course did not meet my expectations.,Very Bad
I enjoyed the group projects.,Good
The exams were too difficult.,Bad
The professor was very enthusiastic.,Excellent
The lectures were not engaging.,Very Bad
The assignments helped reinforce learning.,Good
The professor was often unprepared.,Very Bad
The course was well-structured.,Good
I had a hard time keeping up with the pace.,Bad
The professor provided great feedback.,Excellent
The course was not relevant to my major.,Very Bad
The lectures were very interactive.,Good
I did not like the teaching style.,Bad
The professor was very patient.,Excellent
The course material was very dry.,Very Bad
The professor encouraged class participation.,Good
The course workload was manageable.,Good
I did not learn much from this class.,Very Bad
The professor was very inspiring.,Excellent
The lectures were too long.,Bad
The course was very challenging.,Good
The professor was very disorganized.,Very Bad
I found the class discussions very valuable.,Good
The professor was not engaging.,Very Bad
The course content was very interesting.,Good
I had trouble understanding the professor.,Bad
The professor was very motivating.,Excellent
The course was too easy.,Bad
I really enjoyed the course.,Excellent
The professor was very clear in explanations.,Good
The assignments were too hard.,Bad
The professor did not answer questions well.,Very Bad
I found the course very enjoyable.,Excellent
The course was not well-organized.,Very Bad
The professor made the material very interesting.,Good
The class was too big.,Bad
The professor was very helpful.,Excellent
The course was very boring.,Very Bad
The lectures were very engaging.,Good
I did not like the professor.,Very Bad
The professor was very encouraging.,Excellent
The course material was difficult to understand.,Bad
I found the assignments very helpful.,Good
The professor was often late.,Very Bad
The lectures were very informative.,Good
The course was very confusing.,Very Bad
The professor was very friendly.,Excellent
The course workload was too much.,Bad
The lectures were very clear.,Good
I did not enjoy the course.,Very Bad
The professor made the class very interesting.,Excellent
The course was not challenging enough.,Bad
The lectures were very helpful.,Good
I did not find the course useful.,Very Bad
The professor was very responsive to emails.,Excellent
The course was too theoretical.,Bad
The professor was very professional.,Excellent
I did not like the course.,Very Bad
The lectures were very detailed.,Good
The professor was often unorganized.,Very Bad
The course was very practical.,Good
The professor was very inspiring.,Excellent
The course content was very outdated.,Very Bad
The lectures were very boring.,Bad
The professor was very understanding.,Excellent
The course did not cover enough material.,Bad
The professor was very enthusiastic.,Good
I found the course very valuable.,Excellent
The lectures were very repetitive.,Bad
The professor was very supportive.,Excellent
The course workload was reasonable.,Good
I did not enjoy the lectures.,Very Bad
The professor was very engaging.,Excellent
The course was too easy for me.,Bad
The lectures were very informative.,Good
I did not find the assignments useful.,Very Bad
The professor was very knowledgeable.,Excellent
The course material was too difficult.,Bad
The lectures were average.,Neutral
I had a mix of experiences in this course.,Neutral
"Some parts of the course were interesting, others were not.",Neutral
The professor's teaching style was acceptable.,Neutral
The course content was neither too difficult nor too easy.,Neutral
"I found some lectures useful, but others not so much.",Neutral
The assignments were manageable.,Neutral
"The professor's explanations were sometimes clear, sometimes confusing.",Neutral
The course met my expectations to some extent.,Neutral
I had a moderate amount of participation in class.,Neutral
The course materials were somewhat useful.,Neutral
I attended most of the classes.,Neutral
The class discussions were sometimes engaging.,Neutral
The course structure was fairly organized.,Neutral
I had an average level of interest in the topics covered.,Neutral
The grading was fair overall.,Neutral
The course pace was acceptable.,Neutral
The professor's feedback was occasionally helpful.,Neutral
The exams were neither too hard nor too easy.,Neutral
The group projects were a mixed experience.,Neutral
I found the reading materials to be average.,Neutral
The professor's office hours were sometimes helpful.,Neutral
The course was somewhat relevant to my interests.,Neutral
The course content was very outdated.,Bad
The professor rarely answered questions.,Bad
The assignments were unclear and confusing.,Bad
The lectures were often off-topic.,Bad
The grading was very harsh and unfair.,Bad
I found the textbook to be unhelpful.,Bad
The professor did not explain anything clearly.,Very Bad
The assignments were irrelevant and confusing.,Very Bad
The lectures were incredibly dull.,Very Bad
The course was poorly structured.,Very Bad
The professor never responded to emails.,Very Bad
The exams were unfairly difficult.,Very Bad
I felt completely lost in this class.,Very Bad
The course materials were outdated and useless.,Very Bad
The professor was always late.,Very Bad
The lectures were just reading from slides.,Very Bad
The professor was condescending.,Very Bad
The course felt like a waste of time.,Very Bad
The professor ignored student questions.,Very Bad
The grading was inconsistent and unfair.,Very Bad
The class discussions were unproductive.,Very Bad
The professor showed no enthusiasm.,Very Bad
The course lacked practical applications.,Very Bad
The workload was overwhelming.,Very Bad
The professor was often unprepared.,Very Bad
The class content was not relevant to the real world.,Very Bad
The professor was dismissive of student concerns.,Very Bad
The lectures were repetitive and boring.,Very Bad
The course did not meet any of my expectations.,Very Bad
The professor's explanations were unclear.,Very Bad
The course materials were poorly organized.,Very Bad
The professor did not provide enough support.,Very Bad
The assignments were too time-consuming.,Very Bad
The class was far too large.,Very Bad
The professor was unapproachable.,Very Bad
The course was not engaging at all.,Very Bad
The professor’s teaching methods were outdated.,Very Bad
The course objectives were unclear.,Very Bad
The professor was very strict and unhelpful.,Very Bad
The course was unnecessarily difficult.,Very Bad
The professor was rude and unprofessional.,Very Bad
The lectures were not informative.,Very Bad
The professor did not cover all the necessary topics.,Very Bad
The assignments were poorly explained.,Very Bad
The professor’s feedback was not constructive.,Very Bad
The course did not offer any real learning.,Very Bad
The lectures were monotonous.,Very Bad
The professor made no effort to make the class interesting.,Very Bad
The course schedule was very disorganized.,Very Bad
The exams were too long and complex.,Very Bad
The professor did not seem to care about teaching.,Very Bad
The lectures were full of errors.,Very Bad
The professor’s attitude was discouraging.,Very Bad
The course was not worth the money.,Very Bad
The professor did not provide any extra help.,Very Bad
The course did not prepare me for future courses.,Very Bad
The professor’s voice was too soft and unclear.,Very Bad
The lectures were not related to the assignments.,Very Bad
The course material was poorly written.,Very Bad
The professor did not update the course content.,Very Bad
The professor’s expectations were unrealistic.,Very Bad
The course did not foster any critical thinking.,Very Bad
The professor was often absent.,Very Bad
The lectures were hard to follow.,Very Bad
The course did not challenge me intellectually.,Very Bad
The professor’s grading was harsh.,Very Bad
The assignments were not graded fairly.,Very Bad
The course material was not covered in detail.,Very Bad
The professor did not encourage class participation.,Very Bad
The course content was redundant.,Very Bad
The professor did not communicate well.,Very Bad
The course did not offer any hands-on experience.,Very Bad
The professor did not inspire confidence.,Very Bad
The lectures were not engaging.,Very Bad
The professor did not make the subject interesting.,Very Bad
The course was poorly taught.,Very Bad
The professor did not listen to student feedback.,Very Bad
The lectures were poorly delivered.,Very Bad
The professor did not know the material well.,Very Bad
The course requirements were unrealistic.,Very Bad
The professor did not foster a good learning environment.,Very Bad
The lectures were very boring.,Very Bad
The professor did not connect with the students.,Very Bad
The course was not intellectually stimulating.,Very Bad
The professor did not answer questions well.,Very Bad
The course was very disappointing.,Very Bad
The professor did not make the course content clear.,Very Bad
The lectures were unorganized.,Very Bad
The professor was very negative.,Very Bad
The course did not provide any useful information.,Very Bad
The professor did not support student learning.,Very Bad
The lectures were not detailed enough.,Very Bad
The professor did not engage with the class.,Very Bad
The course was too theoretical.,Very Bad
The professor’s attitude was very discouraging.,Very Bad
The course did not offer any real-world applications.,Very Bad
The professor did not explain the assignments well.,Very Bad
The lectures were poorly prepared.,Very Bad
The professor was not approachable.,Very Bad
The course did not meet any of its goals.,Very Bad
The professor did not encourage questions.,Very Bad
The lectures were full of technical jargon.,Very Bad
The professor did not provide any useful resources.,Very Bad
The course did not offer any practical skills.,Very Bad
The professor’s teaching style was very ineffective.,Very Bad
The course did not improve my understanding of the subject.,Very Bad
The course material was dry and uninteresting.,Bad
The professor's lectures were difficult to follow.,Bad
The assignments were not helpful.,Bad
The lectures were too long and dull.,Bad
The course was not well-organized.,Bad
The professor did not clarify doubts effectively.,Bad
The grading system was too harsh.,Bad
The course lacked practical examples.,Bad
The professor was not engaging.,Bad
The assignments were too easy.,Bad
The professor's feedback was not detailed.,Bad
The course content was outdated.,Bad
The lectures were too fast-paced.,Bad
The professor was hard to understand.,Bad
The course did not cover enough material.,Bad
The exams were very difficult.,Bad
The professor did not make the class interesting.,Bad
The lectures were poorly structured.,Bad
The professor did not encourage participation.,Bad
The course workload was too heavy.,Bad
The professor's explanations were confusing.,Bad
The course did not meet my expectations.,Bad
The professor was not approachable.,Bad
The lectures were repetitive.,Bad
The course material was not relevant.,Bad
The professor did not make the subject clear.,Bad
The course did not offer enough hands-on experience.,Bad
The professor was often late.,Bad
The lectures were not very informative.,Bad
The course was not engaging.,Bad
The professor did not provide enough resources.,Bad
The assignments were not challenging.,Bad
The professor's attitude was discouraging.,Bad
The lectures were not well-prepared.,Bad
The course content was not well-explained.,Bad
The professor did not answer questions well.,Bad
The course was too theoretical.,Bad
The professor was not responsive to emails.,Bad
The lectures were too slow.,Bad
The course material was very dry.,Bad
The professor did not connect with the students.,Bad
The course requirements were unclear.,Bad
The professor's teaching style was not effective.,Bad
The lectures were not engaging.,Bad
The professor did not explain concepts clearly.,Bad
The course did not offer any real learning.,Bad
The professor did not provide enough support.,Bad
The lectures were not detailed enough.,Bad
The professor did not encourage critical thinking.,Bad
The course did not prepare me for exams.,Bad
The professor's grading was inconsistent.,Bad
The lectures were very monotonous.,Bad
The professor did not make the material interesting.,Bad
The course was not intellectually stimulating.,Bad
The professor did not update the course content.,Bad
The lectures were not related to the assignments.,Bad
The professor's expectations were too high.,Bad
The course did not offer any practical skills.,Bad
The professor's attitude was very negative.,Bad
The lectures were poorly delivered.,Bad
The course did not cover all the necessary topics.,Bad
The professor did not listen to student feedback.,Bad
The lectures were hard to follow.,Bad
The course content was redundant.,Bad
The professor did not provide any useful resources.,Bad
The lectures were not well-organized.,Bad
The professor's teaching methods were outdated.,Bad
The course was too difficult.,Bad
The professor did not engage with the class.,Bad
The lectures were full of technical jargon.,Bad
The professor did not foster a good learning environment.,Bad
The course did not meet its goals.,Bad
The professor did not make the course content clear.,Bad
The lectures were not well-structured.,Bad
The professor was not very enthusiastic.,Bad
The course did not improve my understanding of the subject.,Bad
The professor's explanations were not clear.,Bad
The course did not offer enough interaction.,Bad
The professor did not make the lectures interesting.,Bad
The lectures were too theoretical.,Bad
The professor did not support student learning.,Bad
The course did not offer any real-world applications.,Bad
The professor's attitude was very discouraging.,Bad
The lectures were not engaging.,Bad
The professor did not explain the assignments well.,Bad
The course was too challenging.,Bad
The professor did not provide any extra help.,Bad
The lectures were poorly prepared.,Bad
The professor's teaching style was ineffective.,Bad
The course did not cover enough practical examples.,Bad
The professor did not make the subject interesting.,Bad
The lectures were very boring.,Bad
The professor did not encourage class participation.,Bad
The course did not offer any useful information.,Bad
The professor did not provide constructive feedback.,Bad
The lectures were not detailed enough.,Bad
The professor did not engage with the students.,Bad
The course did not offer enough practical experience.,Bad
The professor did not answer questions well.,Bad
The lectures were poorly delivered.,Bad
The class size was reasonable.,Neutral
The professor's use of multimedia was acceptable.,Neutral
The homework load was moderate.,Neutral
I think the class could use some improvements.,Neutral
The professor needs to engage more with students.,Neutral
"The course is satisfactory, but it lacks interactive sessions.",Neutral
"The class is decent, but there is room for improvement.",Neutral
The professor's feedback is not very helpful.,Neutral
The class was neither too difficult nor too easy.,Neutral
"The professor's explanations were sometimes clear, sometimes confusing.",Neutral
The course met my expectations to some extent.,Neutral
I had a moderate amount of participation in class.,Neutral
The course materials were somewhat useful.,Neutral
I attended most of the classes.,Neutral
The class discussions were sometimes engaging.,Neutral
The course structure was fairly organized.,Neutral
I had an average level of interest in the topics covered.,Neutral
The grading was fair overall.,Neutral
The course pace was acceptable.,Neutral
The professor's feedback was occasionally helpful.,Neutral
The exams were neither too hard nor too easy.,Neutral
The group projects were a mixed experience.,Neutral
I found the reading materials to be average.,Neutral
The professor's office hours were sometimes helpful.,Neutral
The course was somewhat relevant to my interests.,Neutral
The professor's teaching style was acceptable.,Neutral
"Some parts of the course were interesting, others were not.",Neutral
The course content was neither too difficult nor too easy.,Neutral
"I found some lectures useful, but others not so much.",Neutral
The assignments were manageable.,Neutral
The course workload was reasonable.,Neutral
The lectures were not too engaging but not boring either.,Neutral
The professor's attitude was neutral.,Neutral
The course content was somewhat outdated.,Neutral
The lectures were occasionally confusing.,Neutral
The professor's teaching methods were adequate.,Neutral
The course met my basic expectations.,Neutral
The professor sometimes struggled to explain concepts.,Neutral
The course provided a balanced workload.,Neutral
The professor's engagement with students was average.,Neutral
The lectures were neither too fast nor too slow.,Neutral
The course material was somewhat helpful.,Neutral
The professor's feedback was sometimes useful.,Neutral
The course layout was acceptable.,Neutral
The lectures were sometimes engaging.,Neutral
The professor's availability was satisfactory.,Neutral
The course content was moderately interesting.,Neutral
The assignments were of average difficulty.,Neutral
The professor's teaching style was neither engaging nor dull.,Neutral
The course did not stand out in any particular way.,Neutral
The lectures were clear but not very interesting.,Neutral
The professor's instructions were sometimes unclear.,Neutral
The course provided an average amount of learning.,Neutral
The professor's attitude was sometimes encouraging.,Neutral
The lectures were of average quality.,Neutral
The course material was sometimes relevant.,Neutral
The professor's grading was fair.,Neutral
The lectures could use more practical examples.,Neutral
The professor's explanations were adequate.,Neutral
The course was useful to some extent.,Neutral
The lectures were somewhat informative.,Neutral
The professor's attitude was neutral.,Neutral
The course content was occasionally engaging.,Neutral
The lectures were sometimes hard to follow.,Neutral
The professor's teaching was sometimes effective.,Neutral
The course met my expectations to some degree.,Neutral
The lectures were clear but lacked depth.,Neutral
The professor's engagement with students was average.,Neutral
The course provided a balanced workload.,Neutral
The professor's feedback was occasionally helpful.,Neutral
The exams were neither too hard nor too easy.,Neutral
The group projects were a mixed experience.,Neutral
I found the reading materials to be average.,Neutral
The professor's office hours were sometimes helpful.,Neutral
The course was somewhat relevant to my interests.,Neutral
The professor's teaching style was acceptable.,Neutral
"Some parts of the course were interesting, others were not.",Neutral
The course content was neither too difficult nor too easy.,Neutral
"I found some lectures useful, but others not so much.",Neutral
The assignments were manageable.,Neutral
The course workload was reasonable.,Neutral
The lectures were not too engaging but not boring either.,Neutral
The professor's attitude was neutral.,Neutral
The course content was somewhat outdated.,Neutral
The lectures were occasionally confusing.,Neutral
The professor's teaching methods were adequate.,Neutral
The course met my basic expectations.,Neutral
The professor sometimes struggled to explain concepts.,Neutral
The course provided a balanced workload.,Neutral
The professor's engagement with students was average.,Neutral
The lectures were neither too fast nor too slow.,Neutral
The course material was somewhat helpful.,Neutral
The professor's feedback was sometimes useful.,Neutral
The course layout was acceptable.,Neutral
The lectures were sometimes engaging.,Neutral
The professor's availability was satisfactory.,Neutral
The course content was moderately interesting.,Neutral
The assignments were of average difficulty.,Neutral
The professor's teaching style was neither engaging nor dull.,Neutral
The course did not stand out in any particular way.,Neutral
"The class was good, but it could use more practical examples.",Good
"The professor is knowledgeable, but the lectures are a bit boring.",Good
"The course content is good, but the assignments are too easy.",Good
The professor explains the concepts well.,Good
The class is a bit theoretical but has enough assignments to compensate.,Good
"The professor's teaching style is effective, but the class is too long.",Good
The professor provided excellent resources for the course.,Good
The material was very helpful.,Good
The assignments were very practical.,Good
The lectures were very informative.,Good
The discussions were very insightful.,Good
I enjoyed the group projects.,Good
The assignments helped reinforce learning.,Good
The course was well-structured.,Good
The professor encouraged class participation.,Good
The course workload was manageable.,Good
The lectures were very detailed.,Good
The professor was very knowledgeable.,Good
The lectures were very clear.,Good
The lectures were very engaging.,Good
The professor was very helpful.,Good
The professor explained concepts well.,Good
The assignments were very practical.,Good
The professor provided great feedback.,Good
The professor's teaching style was effective.,Good
The class size was appropriate.,Good
The course materials were helpful.,Good
The class discussions were engaging.,Good
The reading materials were useful.,Good
The professor's office hours were very helpful.,Good
The professor's explanations were clear.,Good
The course content was interesting.,Good
The lectures were well-organized.,Good
The professor answered questions thoroughly.,Good
The assignments were challenging but fair.,Good
The lectures were concise and to the point.,Good
The professor's feedback was constructive.,Good
The course material was up-to-date.,Good
The lectures were well-paced.,Good
The professor was approachable and friendly.,Good
The course workload was reasonable.,Good
The professor's grading was fair.,Good
The assignments were relevant to the course material.,Good
The lectures were insightful.,Good
The course provided a good balance of theory and practice.,Good
The professor's teaching methods were effective.,Good
The course met my expectations.,Good
The professor's lectures were engaging.,Good
The course content was comprehensive.,Good
The professor's use of examples was helpful.,Good
The assignments were well-structured.,Good
The professor's enthusiasm was evident.,Good
The lectures were informative and engaging.,Good
The professor's instructions were clear.,Good
The course material was well-organized.,Good
The professor encouraged participation.,Good
The course content was relevant and interesting.,Good
The lectures were clear and concise.,Good
The professor was knowledgeable and helpful.,Good
The course provided a good foundation in the subject.,Good
The lectures were engaging and informative.,Good
The professor's explanations were thorough.,Good
The course was well-organized and structured.,Good
The professor was responsive to emails.,Good
The lectures were interactive and engaging.,Good
The course material was relevant to the exams.,Good
The professor's feedback was helpful and timely.,Good
The lectures were interesting and well-prepared.,Good
The professor's teaching style was engaging.,Good
The course content was challenging but manageable.,Good
The professor's office hours were very useful.,Good
The lectures were clear and easy to understand.,Good
The course provided practical knowledge.,Good
The professor's explanations were detailed.,Good
The assignments were helpful in understanding the material.,Good
The professor was very knowledgeable in the subject.,Good
The lectures were very well-prepared.,Good
The professor's teaching methods were effective.,Good
The course content was well-organized.,Good
The professor's feedback was very helpful.,Good
The lectures were clear and well-structured.,Good
The professor encouraged questions and discussions.,Good
The course material was very relevant.,Good
The professor's teaching style was very effective.,Good
The assignments were well-designed.,Good
The lectures were very engaging.,Good
The professor's use of multimedia was helpful.,Good
The course provided a good overview of the subject.,Good
The professor's lectures were very informative.,Good
The course material was well-presented.,Good
The professor's feedback was very constructive.,Good
The lectures were easy to follow.,Good
The professor's teaching style was clear and effective.,Good
The course content was interesting and informative.,Good
The professor was very engaging and knowledgeable.,Good
The lectures were very well-organized.,Good
The professor's feedback was detailed and helpful.,Good
The assignments were very practical and relevant.,Good
The professor's teaching style was engaging and effective.,Good
The course provided a good balance of theory and practice.,Good
This class is amazing and the professor is great.,Excellent
The professor explains the material very well.,Excellent
I enjoyed the class and learned a lot.,Excellent
The lectures are extremely informative and engaging.,Excellent
I love how the professor makes difficult concepts easy to understand.,Excellent
This is one of the best classes I have ever taken.,Excellent
The professor was very engaging.,Excellent
I learned a lot from this course.,Excellent
The teacher was very supportive.,Excellent
The lectures were very clear and concise.,Excellent
The professor was very approachable.,Excellent
The professor explained concepts well.,Excellent
The professor was very knowledgeable.,Excellent
The professor was very enthusiastic.,Excellent
The professor provided great feedback.,Excellent
The professor was very patient.,Excellent
The professor was very inspiring.,Excellent
The professor was very responsive to emails.,Excellent
The professor was very professional.,Excellent
The professor was very understanding.,Excellent
I really enjoyed the course.,Excellent
The professor was very supportive.,Excellent
The professor made the class very interesting.,Excellent
The professor's teaching style was very effective.,Excellent
The professor was very friendly.,Excellent
The professor was very clear in explanations.,Excellent
The course was very enjoyable.,Excellent
The professor was very helpful.,Excellent
The professor made the material very interesting.,Excellent
The professor was very encouraging.,Excellent
The professor was very knowledgeable and helpful.,Excellent
The professor's feedback was very helpful.,Excellent
The professor's lectures were engaging.,Excellent
The professor's explanations were thorough.,Excellent
The professor was very engaging and knowledgeable.,Excellent
The professor's feedback was very constructive.,Excellent
The professor was very motivating.,Excellent
The professor's use of multimedia was helpful.,Excellent
The professor's teaching style was very effective.,Excellent
The professor was very enthusiastic and supportive.,Excellent
The professor's office hours were very helpful.,Excellent
The professor's explanations were clear and concise.,Excellent
The professor's lectures were very informative.,Excellent
The professor's teaching methods were very effective.,Excellent
The professor's feedback was detailed and helpful.,Excellent
The professor's use of examples was very helpful.,Excellent
The professor encouraged questions and discussions.,Excellent
The professor's teaching style was very engaging.,Excellent
The professor's enthusiasm was very evident.,Excellent
The professor's lectures were very well-prepared.,Excellent
The professor's office hours were very useful.,Excellent
The professor's teaching style was very clear and effective.,Excellent
The professor's use of multimedia was very helpful.,Excellent
The professor's explanations were very thorough.,Excellent
The professor's feedback was very constructive and timely.,Excellent
The professor's lectures were very engaging and informative.,Excellent
The professor's teaching methods were very effective and engaging.,Excellent
The professor's use of examples was very clear and helpful.,Excellent
The professor's explanations were very clear and concise.,Excellent
The professor's feedback was very detailed and helpful.,Excellent
The professor's lectures were very well-organized.,Excellent
The professor's teaching style was very engaging and effective.,Excellent
The professor's use of multimedia was very clear and helpful.,Excellent
The professor's explanations were very detailed and thorough.,Excellent
The professor's feedback was very constructive and detailed.,Excellent
The professor's lectures were very well-prepared and engaging.,Excellent
The professor's teaching methods were very effective and clear.,Excellent
The professor's use of examples was very helpful and clear.,Excellent
The professor's explanations were very thorough and detailed.,Excellent
The professor's feedback was very helpful and constructive.,Excellent
The professor's lectures were very well-organized and engaging.,Excellent
The professor's teaching style was very effective and clear.,Excellent
The professor's use of multimedia was very helpful and clear.,Excellent
The professor's explanations were very clear and detailed.,Excellent
The professor's feedback was very constructive and detailed.,Excellent
The professor's lectures were very well-prepared and informative.,Excellent
The professor's teaching methods were very effective and engaging.,Excellent
The professor's use of examples was very helpful and detailed.,Excellent
The professor's explanations were very thorough and clear.,Excellent
The professor's feedback was very helpful and detailed.,Excellent
The professor's lectures were very well-organized and informative.,Excellent
The professor's teaching style was very engaging and clear.,Excellent
The professor's use of multimedia was very helpful and detailed.,Excellent
The professor's explanations were very detailed and thorough.,Excellent
The professor's feedback was very constructive and detailed.,Excellent
The professor's lectures were very well-prepared and engaging.,Excellent
The professor's teaching methods were very effective and clear.,Excellent
The professor's use of examples was very helpful and clear.,Excellent
The professor's explanations were very thorough and detailed.,Excellent
The professor's feedback was very helpful and constructive.,Excellent
The professor's lectures were very well-organized and informative.,Excellent
The professor's teaching style was very engaging and clear.,Excellent
The professor's use of multimedia was very helpful and detailed.,Excellent
The professor's explanations were very detailed and thorough.,Excellent
The professor's feedback was very constructive and detailed.,Excellent
The professor's lectures were very well-prepared and engaging.,Excellent
The professor's teaching methods were very effective and clear.,Excellent
The professor's use of examples was very helpful and detailed.,Excellent
The professor's explanations were very thorough and clear.,Excellent
The professor's feedback was very helpful and detailed.,Excellent
Professor Smith is an outstanding teacher; her lectures are always engaging and informative.,Excellent
I have never enjoyed a class more than I have with Professor Johnson. Truly excellent.,Excellent
Professor Lee goes above and beyond to ensure we understand the material.,Excellent
Professor Davis's enthusiasm for the subject is contagious.,Excellent
I learned more in one semester with Professor Brown than in all my other classes combined.,Excellent
Professor Wilson is incredibly knowledgeable and passionate about the subject.,Excellent
Professor Taylor's teaching methods are innovative and effective.,Excellent
Professor Anderson creates a welcoming and inclusive classroom environment.,Excellent
Professor Thomas has a unique ability to make complex topics understandable.,Excellent
Professor Jackson is an excellent mentor and advisor.,Excellent
Professor White's feedback is always constructive and helpful.,Excellent
Professor Harris encourages critical thinking and class participation.,Excellent
Professor Martin's classes are always well-organized and informative.,Excellent
Professor Thompson's dedication to student success is unparalleled.,Excellent
Professor Garcia is an exceptional educator and role model.,Excellent
Professor Martinez always makes time for students outside of class.,Excellent
Professor Robinson's enthusiasm makes learning fun and engaging.,Excellent
Professor Clark's real-world examples make the material relevant and interesting.,Excellent
Professor Rodriguez's lectures are always clear and concise.,Excellent
Professor Lewis's passion for teaching is evident in every class.,Excellent
Professor Allen's classes are well-structured and informative.,Good
I enjoyed Professor Young's class; she made the material accessible.,Good
Professor King provides helpful feedback and guidance.,Good
Professor Wright's lectures are clear and to the point.,Good
Professor Scott is knowledgeable and approachable.,Good
Professor Green's teaching style is effective and engaging.,Good
Professor Adams is a good teacher who cares about his students.,Good
Professor Baker's classes are interesting and well-organized.,Good
Professor Nelson explains concepts clearly and concisely.,Good
Professor Carter is always willing to help students outside of class.,Good
Professor Mitchell creates a positive learning environment.,Good
Professor Perez's lectures are informative and engaging.,Good
Professor Roberts is good at making difficult topics understandable.,Good
Professor Turner provides valuable insights and perspectives.,Good
Professor Phillips encourages student participation and discussion.,Good
Professor Campbell's assignments are relevant and challenging.,Good
Professor Parker's teaching methods are effective and practical.,Good
Professor Evans makes sure everyone is on the same page.,Good
Professor Edwards is dedicated to student success.,Good
Professor Collins is a good communicator and educator.,Good
Professor Stewart's classes are average; neither good nor bad.,Neutral
I found Professor Sanchez's teaching to be adequate.,Neutral
Professor Morris's lectures are okay but nothing special.,Neutral
Professor Rogers is a decent teacher but could improve in some areas.,Neutral
Professor Reed's classes are straightforward but lack engagement.,Neutral
Professor Cook's teaching is average and meets expectations.,Neutral
Professor Morgan's lectures are neither particularly engaging nor boring.,Neutral
Professor Bell is an okay professor but doesn't stand out.,Neutral
Professor Murphy's teaching style is neutral; not particularly inspiring.,Neutral
Professor Bailey's classes are consistent but unremarkable.,Neutral
Professor Rivera's lectures are informative but lack excitement.,Neutral
Professor Cooper's teaching is sufficient but could be more engaging.,Neutral
Professor Richardson's classes are okay but could use more variety.,Neutral
Professor Cox's lectures are clear but not particularly interesting.,Neutral
Professor Howard's teaching is satisfactory but could be improved.,Neutral
Professor Ward's classes are average and meet basic expectations.,Neutral
Professor Torres's teaching is adequate but not very engaging.,Neutral
Professor Peterson's lectures are informative but somewhat dry.,Neutral
Professor Gray's teaching style is okay but lacks enthusiasm.,Neutral
Professor Ramirez's classes are acceptable but not very memorable,Neutral
Professor James's lectures are often confusing and disorganized.,Bad
I struggled to keep up in Professor Watson's class; his teaching style is ineffective.,Bad
Professor Brooks doesn't seem to care about students' understanding.,Bad
Professor Kelly's classes are dull and uninspiring.,Bad
Professor Sanders's feedback is often unhelpful and vague.,Bad
Professor Price's teaching methods are outdated and ineffective.,Bad
Professor Bennett rarely makes himself available to help students.,Bad
Professor Wood's lectures are often off-topic and confusing.,Bad
Professor Barnes's teaching style is boring and hard to follow.,Bad
Professor Ross's classes are poorly structured and hard to understand.,Bad
Professor Henderson rarely engages with students or encourages participation.,Bad
Professor Coleman doesn't explain concepts clearly.,Bad
Professor Jenkins's assignments are unclear and poorly designed.,Bad
Professor Perry's lectures lack depth and clarity.,Bad
Professor Powell's teaching is ineffective and confusing.,Bad
Professor Long's classes are often disorganized and hard to follow.,Bad
Professor Patterson doesn't provide enough support for students.,Bad
Professor Hughes's teaching style is monotonous and uninspiring.,Bad
Professor Flores's lectures are hard to follow and often off-topic.,Bad
Professor Washington doesn't seem to care about student feedback.,Bad
Professor Butler is the worst teacher I have ever had; his classes are a waste of time.,Very Bad
Professor Simmons's lectures are completely disorganized and uninformative.,Very Bad
Professor Foster's teaching style is terrible and ineffective.,Very Bad
Professor Gonzales doesn't seem to know the material he's teaching.,Very Bad
Professor Bryant's classes are chaotic and hard to understand.,Very Bad
Professor Alexander is always late and unprepared for class.,Very Bad
Professor Russell doesn't care about students' success or understanding.,Very Bad
Professor Griffin's feedback is harsh and unconstructive.,Very Bad
Professor Diaz's teaching methods are confusing and outdated.,Very Bad
Professor Hayes's lectures are boring and pointless.,Very Bad
Professor Myers is rude and dismissive of student questions.,Very Bad
Professor Ford's classes are poorly organized and hard to follow.,Very Bad
Professor Hamilton doesn't provide clear instructions or support.,Very Bad
Professor Graham's lectures are irrelevant and confusing.,Very Bad
Professor Sullivan's teaching style is ineffective and frustrating.,Very Bad
Professor Wallace is unapproachable and unhelpful.,Very Bad
Professor Woods's classes are a complete waste of time.,Very Bad
Professor Coleman's teaching is terrible and confusing.,Very Bad
Professor Webb's lectures are boring and uninformative.,Very Bad
Professor Franklin is the worst professor I've ever had; his classes are awful.,Very Bad
